Model,学习率,准确率,精确率,召回率,F1 值,AUC值,5折交叉验证的score
LightGBM,0.05,0.9997,0.9989702538870008,0.9962290556234655,0.9975891579541327,0.9999692036670962,0.9997
